symbol_name,sma_value,sma_period,sma_volume,volume_value,timestamp,open,high,low,close
NSE:TRENT-EQ,4070.309333333333,1125,4070.309333333333,1148.0,2026-04-02 15:29:00,3535.5,3537.0,3532.6,3532.9
NSE:TRF-EQ,49.11911111111111,1125,49.11911111111111,261.0,2026-04-02 15:29:00,237.89,237.89,236.0,236.0
NSE:TRIDENT-EQ,25951.06488888889,1125,25951.06488888889,22194.0,2026-04-02 15:29:00,24.03,24.03,24.0,24.01
NSE:TRIGYN-EQ,198.448,1125,198.448,171.0,2026-04-02 15:29:00,45.15,45.15,44.8,44.87
NSE:TRITURBINE-EQ,1100.5706666666667,1125,1100.5706666666667,321.0,2026-04-02 15:29:00,457.75,460.2,457.75,459.0
NSE:TRIVENI-EQ,1814.5093333333334,1125,1814.5093333333334,1256.0,2026-04-02 15:29:00,387.75,389.45,386.95,389.0
NSE:TRU-EQ,341.1893333333333,1125,341.1893333333333,0.0,2026-04-02 15:29:00,5.1,5.1,5.1,5.1
NSE:TRUALT-EQ,406.93955555555556,1125,406.93955555555556,735.0,2026-04-02 15:29:00,414.95,415.0,413.55,415.0
NSE:TSFINV-EQ,337.16977777777777,1125,337.16977777777777,4637.0,2026-04-02 15:29:00,352.6,355.5,352.6,352.6
NSE:TTKHLTCARE-EQ,25.761777777777777,1125,25.761777777777777,14.0,2026-04-02 15:29:00,782.2,789.8,782.2,788.5
NSE:TTKPRESTIG-EQ,469.5706666666667,1125,469.5706666666667,1738.0,2026-04-02 15:29:00,443.6,444.4,443.0,443.5
NSE:TTML-EQ,59574.49244444445,1125,59574.49244444445,42326.0,2026-04-02 15:29:00,36.38,36.38,36.12,36.3
NSE:TVSELECT-EQ,153.78666666666666,1125,153.78666666666666,483.0,2026-04-02 15:29:00,368.5,368.5,367.5,368.5
NSE:TVSHLTD-EQ,18.261333333333333,1125,18.261333333333333,17.0,2026-04-02 15:29:00,14014.0,14050.0,13966.0,14050.0
NSE:TVSMOTOR-EQ,3079.105777777778,1125,3079.105777777778,1516.0,2026-04-02 15:29:00,3388.5,3392.0,3386.0,3392.0
NSE:TVSSRICHAK-EQ,16.243555555555556,1125,16.243555555555556,7.0,2026-04-02 15:29:00,3475.0,3475.0,3452.1,3452.1
NSE:TVTODAY-EQ,487.87466666666666,1125,487.87466666666666,1840.0,2026-04-02 15:29:00,101.25,101.25,100.7,100.8
NSE:TVVISION-EQ,31.201777777777778,1125,31.201777777777778,0.0,2026-04-02 15:29:00,5.12,5.12,5.12,5.12
NSE:UBL-EQ,535.4408888888889,1125,535.4408888888889,1629.0,2026-04-02 15:29:00,1482.2,1484.0,1482.1,1484.0
NSE:UCAL-EQ,64.78488888888889,1125,64.78488888888889,214.0,2026-04-02 15:29:00,89.0,89.0,89.0,89.0
NSE:UCOBANK-EQ,24939.707555555557,1125,24939.707555555557,17103.0,2026-04-02 15:29:00,23.88,23.94,23.88,23.88
NSE:UDS-EQ,746.0728888888889,1125,746.0728888888889,1153.0,2026-04-02 15:29:00,139.0,140.0,139.0,140.0
NSE:UEL-EQ,20.052444444444443,1125,20.052444444444443,0.0,2026-04-02 15:29:00,145.0,145.0,145.0,145.0
NSE:UFBL-EQ,184.64622222222224,1125,184.64622222222224,40.0,2026-04-02 15:29:00,211.0,211.01,211.0,211.0
NSE:UFLEX-EQ,409.18844444444443,1125,409.18844444444443,774.0,2026-04-02 15:29:00,370.5,371.5,370.5,371.5
NSE:UFO-EQ,404.97066666666666,1125,404.97066666666666,1067.0,2026-04-02 15:29:00,64.9,64.9,63.1,63.1
NSE:UGARSUGAR-EQ,820.5208888888889,1125,820.5208888888889,1108.0,2026-04-02 15:29:00,39.9,39.9,39.9,39.9
NSE:UGROCAP-EQ,2112.2702222222224,1125,2112.2702222222224,7179.0,2026-04-02 15:29:00,89.51,90.9,89.1,89.6
NSE:UJJIVANSFB-EQ,41424.192,1125,41424.192,103108.0,2026-04-02 15:29:00,55.21,55.25,54.76,55.19
NSE:ULTRACEMCO-EQ,1230.848,1125,1230.848,585.0,2026-04-02 15:29:00,10577.0,10600.0,10572.0,10600.0
NSE:UMAEXPORTS-EQ,322.82933333333335,1125,322.82933333333335,813.0,2026-04-02 15:29:00,20.9,20.9,20.8,20.8
NSE:UMIYA-MRO-EQ,42.096,1125,42.096,456.0,2026-04-02 15:29:00,73.51,74.0,73.51,74.0
NSE:UNICHEMLAB-EQ,255.24533333333332,1125,255.24533333333332,0.0,2026-04-02 15:29:00,300.0,300.0,300.0,300.0
NSE:UNIDT-EQ,39.73866666666667,1125,39.73866666666667,625.0,2026-04-02 15:29:00,154.02,156.5,154.0,156.5
NSE:UNIECOM-EQ,1657.871111111111,1125,1657.871111111111,1213.0,2026-04-02 15:29:00,88.46,89.3,88.4,88.46
NSE:UNIENTER-EQ,9.307555555555556,1125,9.307555555555556,0.0,2026-04-02 15:29:00,96.84,96.84,96.84,96.84
NSE:UNIINFO-EQ,58.404444444444444,1125,58.404444444444444,0.0,2026-04-02 15:29:00,11.18,11.18,11.18,11.18
NSE:UNIMECH-EQ,299.1235555555556,1125,299.1235555555556,1415.0,2026-04-02 15:29:00,725.6,727.0,725.0,727.0
NSE:UNIONBANK-EQ,50116.933333333334,1125,50116.933333333334,35498.0,2026-04-02 15:29:00,172.8,172.8,172.39,172.68
NSE:UNIPARTS-EQ,151.768,1125,151.768,117.0,2026-04-02 15:29:00,469.0,469.7,469.0,469.0
NSE:UNITDSPR-EQ,5630.995555555555,1125,5630.995555555555,3561.0,2026-04-02 15:29:00,1225.0,1228.0,1225.0,1228.0
NSE:UNITECH-EQ,61011.861333333334,1125,61011.861333333334,135832.0,2026-04-02 15:29:00,4.28,4.29,4.27,4.28
NSE:UNITEDPOLY-EQ,229.44977777777777,1125,229.44977777777777,712.0,2026-04-02 15:29:00,24.5,24.68,24.5,24.5
NSE:UNITEDTEA-EQ,6.331555555555555,1125,6.331555555555555,14.0,2026-04-02 15:29:00,517.9,517.9,517.9,517.9
NSE:UNIVASTU-EQ,147.52266666666668,1125,147.52266666666668,499.0,2026-04-02 15:29:00,61.31,61.48,61.31,61.48
NSE:UNIVCABLES-EQ,164.04711111111112,1125,164.04711111111112,884.0,2026-04-02 15:29:00,670.0,675.0,670.0,675.0
NSE:UNOMINDA-EQ,3007.5635555555555,1125,3007.5635555555555,2830.0,2026-04-02 15:29:00,1024.7,1026.0,1023.4,1025.0
NSE:UPL-EQ,7887.776888888889,1125,7887.776888888889,3973.0,2026-04-02 15:29:00,592.3,592.95,591.15,591.15
NSE:URAVIDEF-EQ,35.21333333333333,1125,35.21333333333333,528.0,2026-04-02 15:29:00,131.5,131.5,131.5,131.5
NSE:URBANCO-EQ,34672.037333333334,1125,34672.037333333334,58243.0,2026-04-02 15:29:00,121.4,121.9,121.02,121.19
NSE:URJA-EQ,6054.274666666666,1125,6054.274666666666,27688.0,2026-04-02 15:29:00,9.23,9.25,9.22,9.25
NSE:USHAMART-EQ,758.8435555555556,1125,758.8435555555556,508.0,2026-04-02 15:29:00,404.85,404.95,404.1,404.1
NSE:UTIAMC-EQ,356.53777777777776,1125,356.53777777777776,713.0,2026-04-02 15:29:00,942.3,942.3,940.0,940.0
NSE:UTKARSHBNK-EQ,33985.91111111111,1125,33985.91111111111,111077.0,2026-04-02 15:29:00,11.69,11.69,11.59,11.69
NSE:UTLSOLAR-EQ,535.3724444444445,1125,535.3724444444445,462.0,2026-04-02 15:29:00,202.05,202.05,201.3,202.05
NSE:UTTAMSUGAR-EQ,1117.7982222222222,1125,1117.7982222222222,868.0,2026-04-02 15:29:00,248.99,249.65,248.1,248.1
NSE:UYFINCORP-EQ,139.01244444444444,1125,139.01244444444444,40.0,2026-04-02 15:29:00,12.97,12.97,12.97,12.97
NSE:V2RETAIL-EQ,4002.5724444444445,1125,4002.5724444444445,3534.0,2026-04-02 15:29:00,190.86,193.1,190.5,191.0
NSE:VADILALIND-EQ,55.595555555555556,1125,55.595555555555556,201.0,2026-04-02 15:29:00,4319.8,4327.0,4310.0,4327.0
NSE:VAIBHAVGBL-EQ,1299.4328888888888,1125,1299.4328888888888,1613.0,2026-04-02 15:29:00,188.35,189.24,188.35,189.0
NSE:VAISHALI-EQ,1208.9475555555555,1125,1208.9475555555555,54.0,2026-04-02 15:29:00,6.15,6.15,6.14,6.14
NSE:VAKRANGEE-EQ,16275.842666666667,1125,16275.842666666667,76192.0,2026-04-02 15:29:00,6.05,6.08,6.02,6.07
NSE:VALIANTLAB-EQ,139.39466666666667,1125,139.39466666666667,764.0,2026-04-02 15:29:00,57.8,57.8,56.1,56.1
NSE:VALIANTORG-EQ,194.048,1125,194.048,195.0,2026-04-02 15:29:00,233.99,233.99,233.0,233.0
NSE:VARDHACRLC-EQ,173.35733333333334,1125,173.35733333333334,343.0,2026-04-02 15:29:00,31.89,31.9,31.89,31.9
NSE:VARROC-EQ,456.2782222222222,1125,456.2782222222222,346.0,2026-04-02 15:29:00,491.0,491.0,487.35,487.35
NSE:VASCONEQ-EQ,6278.8097777777775,1125,6278.8097777777775,21332.0,2026-04-02 15:29:00,33.55,33.55,33.11,33.11
NSE:VASWANI-EQ,270.5608888888889,1125,270.5608888888889,780.0,2026-04-02 15:29:00,52.6,52.6,52.6,52.6
NSE:VBL-EQ,17912.976,1125,17912.976,15830.0,2026-04-02 15:29:00,403.6,404.0,403.55,404.0
NSE:VCL-EQ,1153.0115555555556,1125,1153.0115555555556,250.0,2026-04-02 15:29:00,1.35,1.35,1.35,1.35
NSE:VEDL-EQ,50450.03111111111,1125,50450.03111111111,25387.0,2026-04-02 15:29:00,686.65,687.5,686.5,686.5
NSE:VEEDOL-EQ,44.94133333333333,1125,44.94133333333333,15.0,2026-04-02 15:29:00,1297.1,1307.0,1297.1,1305.0
NSE:VENKEYS-EQ,103.01333333333334,1125,103.01333333333334,73.0,2026-04-02 15:29:00,1229.0,1229.5,1222.5,1222.5
NSE:VENTIVE-EQ,328.90133333333335,1125,328.90133333333335,76.0,2026-04-02 15:29:00,565.6,570.0,565.6,568.05
NSE:VENUSPIPES-EQ,215.83466666666666,1125,215.83466666666666,1727.0,2026-04-02 15:29:00,989.05,996.65,985.3,995.0
NSE:VENUSREM-EQ,136.18133333333333,1125,136.18133333333333,257.0,2026-04-02 15:29:00,899.5,904.1,899.5,904.1
NSE:VERANDA-EQ,1209.3448888888888,1125,1209.3448888888888,4695.0,2026-04-02 15:29:00,142.43,144.28,142.43,144.0
NSE:VERTOZ-EQ,982.5573333333333,1125,982.5573333333333,4712.0,2026-04-02 15:29:00,33.48,33.5,33.01,33.5
NSE:VESUVIUS-EQ,437.9964444444444,1125,437.9964444444444,260.0,2026-04-02 15:29:00,460.85,461.0,458.0,458.0
NSE:VETO-EQ,185.94844444444445,1125,185.94844444444445,386.0,2026-04-02 15:29:00,96.0,96.0,95.01,95.01
NSE:VGL-EQ,388.88177777777776,1125,388.88177777777776,117.0,2026-04-02 15:29:00,50.1,50.86,50.1,50.86
NSE:VGUARD-EQ,512.4471111111111,1125,512.4471111111111,261.0,2026-04-02 15:29:00,322.4,324.0,322.0,324.0
NSE:VHL-EQ,2.487111111111111,1125,2.487111111111111,1.0,2026-04-02 15:29:00,3211.9,3211.9,3211.9,3211.9
NSE:VIDHIING-EQ,89.456,1125,89.456,6.0,2026-04-02 15:29:00,323.85,323.85,313.0,313.0
NSE:VIDYAWIRES-EQ,3012.5733333333333,1125,3012.5733333333333,3562.0,2026-04-02 15:29:00,52.35,52.42,52.35,52.4
NSE:VIJAYA-EQ,281.13244444444445,1125,281.13244444444445,233.0,2026-04-02 15:29:00,895.0,895.05,888.1,892.0
NSE:VIKASECO-EQ,11681.117333333334,1125,11681.117333333334,85748.0,2026-04-02 15:29:00,1.2,1.2,1.2,1.2
NSE:VIKASLIFE-EQ,23707.304888888888,1125,23707.304888888888,25395.0,2026-04-02 15:29:00,1.28,1.3,1.28,1.3
NSE:VIKRAMSOLR-EQ,5817.463111111111,1125,5817.463111111111,8713.0,2026-04-02 15:29:00,186.1,186.18,186.0,186.15
NSE:VIKRAN-EQ,7383.950222222222,1125,7383.950222222222,18257.0,2026-04-02 15:29:00,55.49,55.5,55.29,55.45
NSE:VIMTALABS-EQ,522.2071111111111,1125,522.2071111111111,512.0,2026-04-02 15:29:00,408.0,411.0,408.0,410.45
NSE:VINATIORGA-EQ,151.72444444444446,1125,151.72444444444446,512.0,2026-04-02 15:29:00,1308.0,1308.0,1307.0,1307.0
NSE:VINCOFE-EQ,3293.538666666667,1125,3293.538666666667,3993.0,2026-04-02 15:29:00,133.0,133.95,133.0,133.95
NSE:VINDHYATEL-EQ,108.66844444444445,1125,108.66844444444445,366.0,2026-04-02 15:29:00,1090.0,1098.6,1090.0,1098.6
NSE:VINEETLAB-EQ,193.9831111111111,1125,193.9831111111111,204.0,2026-04-02 15:29:00,29.5,29.5,29.5,29.5
NSE:VINNY-EQ,1607.9253333333334,1125,1607.9253333333334,935.0,2026-04-02 15:29:00,1.03,1.03,1.03,1.03
NSE:VINYLINDIA-EQ,98.30933333333333,1125,98.30933333333333,314.0,2026-04-02 15:29:00,193.0,193.0,187.1,187.1
NSE:VIPCLOTHNG-EQ,1532.9004444444445,1125,1532.9004444444445,6979.0,2026-04-02 15:29:00,20.38,20.38,20.35,20.35
NSE:VIPIND-EQ,561.7324444444445,1125,561.7324444444445,1029.0,2026-04-02 15:29:00,317.0,317.0,314.85,314.85
NSE:VIRINCHI-EQ,502.696,1125,502.696,1143.0,2026-04-02 15:29:00,15.8,15.8,15.79,15.79
NSE:VISAKAIND-EQ,449.66488888888887,1125,449.66488888888887,2518.0,2026-04-02 15:29:00,57.75,57.85,57.75,57.85
NSE:VISASTEEL-EQ,50.83733333333333,1125,50.83733333333333,0.0,2026-04-02 15:29:00,29.97,29.97,29.97,29.97
NSE:VISHNU-EQ,159.384,1125,159.384,119.0,2026-04-02 15:29:00,505.4,506.85,505.4,506.5
NSE:VISHWARAJ-EQ,2030.8684444444445,1125,2030.8684444444445,8350.0,2026-04-02 15:29:00,4.7,4.7,4.63,4.63
NSE:VITAL-EQ,55.85688888888889,1125,55.85688888888889,0.0,2026-04-02 15:29:00,47.34,47.34,47.34,47.34
NSE:VIVIDHA-EQ,1705.8417777777777,1125,1705.8417777777777,800.0,2026-04-02 15:29:00,0.49,0.49,0.49,0.49
NSE:VIVIMEDLAB-EQ,283.98844444444444,1125,283.98844444444444,0.0,2026-04-02 15:29:00,5.8,5.8,5.8,5.8
NSE:VIYASH-EQ,1536.048,1125,1536.048,334.0,2026-04-02 15:29:00,190.56,191.3,190.55,191.3
NSE:VLEGOV-EQ,2821.7075555555557,1125,2821.7075555555557,100.0,2026-04-02 15:29:00,10.41,10.41,10.41,10.41
NSE:VLSFINANCE-EQ,45.592,1125,45.592,58.0,2026-04-02 15:29:00,221.9,221.9,221.9,221.9
NSE:VMART-EQ,16514.01777777778,1125,16514.01777777778,38056.0,2026-04-02 15:29:00,534.45,534.8,532.1,533.3
NSE:VMM-EQ,50324.490666666665,1125,50324.490666666665,121633.0,2026-04-02 15:29:00,107.28,108.0,107.11,107.8
NSE:VMSTMT-EQ,384.03555555555556,1125,384.03555555555556,4784.0,2026-04-02 15:29:00,37.8,39.39,37.8,39.06
NSE:VOLTAMP-EQ,120.49511111111111,1125,120.49511111111111,95.0,2026-04-02 15:29:00,9162.0,9175.0,9150.0,9162.0
NSE:VOLTAS-EQ,6112.675555555556,1125,6112.675555555556,3459.0,2026-04-02 15:29:00,1239.5,1241.4,1237.0,1237.0
NSE:VPRPL-EQ,8101.629333333333,1125,8101.629333333333,20629.0,2026-04-02 15:29:00,34.38,34.5,34.38,34.5
NSE:VRAJ-EQ,132.7288888888889,1125,132.7288888888889,497.0,2026-04-02 15:29:00,103.11,104.16,103.07,103.07
NSE:VRLLOG-EQ,536.4817777777778,1125,536.4817777777778,1486.0,2026-04-02 15:29:00,231.0,231.4,231.0,231.4
NSE:VSSL-EQ,149.95111111111112,1125,149.95111111111112,190.0,2026-04-02 15:29:00,226.1,226.1,225.0,225.0
NSE:VSTIND-EQ,780.2231111111112,1125,780.2231111111112,1144.0,2026-04-02 15:29:00,215.95,216.5,215.95,216.5
NSE:VSTL-EQ,42.98133333333333,1125,42.98133333333333,57.0,2026-04-02 15:29:00,109.9,109.99,109.8,109.99
NSE:VSTTILLERS-EQ,50.91733333333333,1125,50.91733333333333,84.0,2026-04-02 15:29:00,4983.9,4984.8,4950.0,4950.0
NSE:VTL-EQ,1853.1857777777777,1125,1853.1857777777777,6064.0,2026-04-02 15:29:00,535.0,535.0,533.0,533.3
NSE:WAAREEENER-EQ,4626.520888888889,1125,4626.520888888889,8613.0,2026-04-02 15:29:00,3064.0,3068.8,3064.0,3065.0
NSE:WAAREEINDO-EQ,233.27733333333333,1125,233.27733333333333,34.0,2026-04-02 15:29:00,382.9,387.15,382.9,383.0
NSE:WAAREERTL-EQ,929.0497777777778,1125,929.0497777777778,4054.0,2026-04-02 15:29:00,854.9,855.0,853.35,854.8
NSE:WABAG-EQ,760.4613333333333,1125,760.4613333333333,2135.0,2026-04-02 15:29:00,1240.0,1240.0,1232.2,1238.0
NSE:WAKEFIT-EQ,614.3813333333334,1125,614.3813333333334,591.0,2026-04-02 15:29:00,146.6,147.23,146.6,146.6
NSE:WALCHANNAG-EQ,1744.0728888888889,1125,1744.0728888888889,6685.0,2026-04-02 15:29:00,144.43,144.5,144.29,144.3
NSE:WCIL-EQ,639.2551111111111,1125,639.2551111111111,329.0,2026-04-02 15:29:00,83.29,83.39,83.29,83.39
NSE:WEALTH-EQ,10.357333333333333,1125,10.357333333333333,40.0,2026-04-02 15:29:00,825.0,825.0,810.0,812.05
NSE:WEBELSOLAR-EQ,25979.228444444445,1125,25979.228444444445,101878.0,2026-04-02 15:29:00,77.0,77.0,76.53,76.85
NSE:WEIZMANIND-EQ,24.750222222222224,1125,24.750222222222224,139.0,2026-04-02 15:29:00,72.0,72.0,72.0,72.0
NSE:WEL-EQ,83800.50133333333,1125,83800.50133333333,93405.0,2026-04-02 15:29:00,81.79,81.99,81.38,81.5
NSE:WELCORP-EQ,1459.8737777777778,1125,1459.8737777777778,769.0,2026-04-02 15:29:00,846.55,847.5,845.6,845.6
NSE:WELENT-EQ,237.93244444444446,1125,237.93244444444446,1850.0,2026-04-02 15:29:00,435.55,435.55,434.9,434.9
NSE:WELINV-EQ,1.9946666666666666,1125,1.9946666666666666,30.0,2026-04-02 15:29:00,1294.9,1315.0,1294.9,1315.0
NSE:WELSPUNLIV-EQ,5309.266666666666,1125,5309.266666666666,25140.0,2026-04-02 15:29:00,115.5,115.5,114.35,114.35
NSE:WENDT-EQ,59.89955555555556,1125,59.89955555555556,179.0,2026-04-02 15:29:00,6469.0,6469.0,6421.0,6450.0
NSE:WESTLIFE-EQ,1703.8648888888888,1125,1703.8648888888888,1043.0,2026-04-02 15:29:00,455.55,455.55,454.55,454.55
NSE:WEWIN-EQ,13.417777777777777,1125,13.417777777777777,0.0,2026-04-02 15:29:00,40.6,40.6,40.6,40.6
NSE:WEWORK-EQ,1049.5973333333334,1125,1049.5973333333334,124.0,2026-04-02 15:29:00,451.1,451.1,450.0,450.0
NSE:WHEELS-EQ,326.37955555555556,1125,326.37955555555556,611.0,2026-04-02 15:29:00,977.2,977.3,971.1,976.9
NSE:WHIRLPOOL-EQ,687.1733333333333,1125,687.1733333333333,5824.0,2026-04-02 15:29:00,813.05,815.1,807.0,807.0
NSE:WILLAMAGOR-EQ,48.58844444444444,1125,48.58844444444444,0.0,2026-04-02 15:29:00,24.5,24.5,24.5,24.5
NSE:WINDLAS-EQ,108.68622222222223,1125,108.68622222222223,198.0,2026-04-02 15:29:00,762.0,766.8,760.0,766.0
NSE:WINDMACHIN-EQ,183.1688888888889,1125,183.1688888888889,779.0,2026-04-02 15:29:00,225.23,226.0,225.23,226.0
NSE:WIPL-EQ,2.920888888888889,1125,2.920888888888889,0.0,2026-04-02 15:29:00,150.0,150.0,150.0,150.0
NSE:WIPRO-EQ,49855.80888888889,1125,49855.80888888889,82806.0,2026-04-02 15:29:00,194.78,194.81,194.73,194.8
NSE:WOCKPHARMA-EQ,2579.384888888889,1125,2579.384888888889,1790.0,2026-04-02 15:29:00,1268.1,1271.0,1265.0,1268.9
NSE:WONDERLA-EQ,195.68977777777778,1125,195.68977777777778,23.0,2026-04-02 15:29:00,527.95,527.95,524.0,524.0
NSE:WORTHPERI-EQ,14.316444444444445,1125,14.316444444444445,80.0,2026-04-02 15:29:00,124.65,124.65,124.64,124.64
NSE:WSI-EQ,236.41955555555555,1125,236.41955555555555,32.0,2026-04-02 15:29:00,73.0,73.0,72.01,72.02
NSE:WSTCSTPAPR-EQ,220.38844444444445,1125,220.38844444444445,0.0,2026-04-02 15:29:00,431.5,431.5,431.5,431.5
NSE:XCHANGING-EQ,524.0826666666667,1125,524.0826666666667,2690.0,2026-04-02 15:29:00,54.95,54.95,54.4,54.95
NSE:XELPMOC-EQ,67.29688888888889,1125,67.29688888888889,213.0,2026-04-02 15:29:00,96.56,96.56,93.52,96.0
NSE:XPROINDIA-EQ,99.90133333333333,1125,99.90133333333333,264.0,2026-04-02 15:29:00,1029.8,1030.0,1022.0,1022.0
NSE:XTGLOBAL-EQ,117.00177777777778,1125,117.00177777777778,0.0,2026-04-02 15:29:00,29.0,29.0,29.0,29.0
NSE:YASHO-EQ,28.82311111111111,1125,28.82311111111111,30.0,2026-04-02 15:29:00,1403.0,1404.0,1403.0,1404.0
NSE:YATHARTH-EQ,1368.9697777777778,1125,1368.9697777777778,1339.0,2026-04-02 15:29:00,671.95,671.95,670.05,671.9
NSE:YATRA-EQ,6793.569777777778,1125,6793.569777777778,6748.0,2026-04-02 15:29:00,98.99,99.0,98.78,98.9
NSE:YESBANK-EQ,327826.224,1125,327826.224,619321.0,2026-04-02 15:29:00,17.89,17.91,17.89,17.9
NSE:YUKEN-EQ,25.765333333333334,1125,25.765333333333334,191.0,2026-04-02 15:29:00,635.0,654.0,635.0,640.0
NSE:ZAGGLE-EQ,29796.39377777778,1125,29796.39377777778,54491.0,2026-04-02 15:29:00,236.0,236.0,234.0,234.69
NSE:ZEEL-EQ,30793.884444444444,1125,30793.884444444444,63508.0,2026-04-02 15:29:00,74.01,74.16,74.0,74.15
NSE:ZEELEARN-EQ,2668.0613333333336,1125,2668.0613333333336,19671.0,2026-04-02 15:29:00,4.7,4.74,4.7,4.74
NSE:ZENITHEXPO-EQ,0.4,1125,0.4,0.0,2026-04-02 15:29:00,190.0,190.0,190.0,190.0
NSE:ZENITHSTL-EQ,385.024,1125,385.024,300.0,2026-04-02 15:29:00,4.72,4.74,4.72,4.74
NSE:ZENSARTECH-EQ,965.0782222222222,1125,965.0782222222222,1434.0,2026-04-02 15:29:00,541.3,544.0,541.3,544.0
NSE:ZENTEC-EQ,1369.9413333333334,1125,1369.9413333333334,1285.0,2026-04-02 15:29:00,1368.4,1368.4,1366.3,1367.9
NSE:ZFCVINDIA-EQ,54.83288888888889,1125,54.83288888888889,82.0,2026-04-02 15:29:00,13942.0,13944.0,13925.0,13925.0
NSE:ZIMLAB-EQ,195.648,1125,195.648,5783.0,2026-04-02 15:29:00,67.0,69.0,67.0,67.0
NSE:ZODIAC-EQ,73.58044444444444,1125,73.58044444444444,286.0,2026-04-02 15:29:00,244.1,247.0,244.1,244.1
NSE:ZODIACLOTH-EQ,33.044444444444444,1125,33.044444444444444,8.0,2026-04-02 15:29:00,65.0,65.0,64.33,64.33
NSE:ZOTA-EQ,103.68266666666666,1125,103.68266666666666,12.0,2026-04-02 15:29:00,1116.9,1116.9,1109.0,1109.1
NSE:ZUARI-EQ,548.0088888888889,1125,548.0088888888889,2169.0,2026-04-02 15:29:00,200.55,201.99,200.55,201.99
NSE:ZUARIIND-EQ,207.89155555555556,1125,207.89155555555556,235.0,2026-04-02 15:29:00,231.5,233.5,231.5,231.7
NSE:ZYDUSLIFE-EQ,2579.039111111111,1125,2579.039111111111,4025.0,2026-04-02 15:29:00,863.8,864.0,855.1,864.0
NSE:ZYDUSWELL-EQ,746.352,1125,746.352,1252.0,2026-04-02 15:29:00,440.0,444.5,440.0,440.55
NSE:ABGSEC-EQ,2.1262222222222222,1125,2.1262222222222222,0.0,2026-04-02 15:29:00,109.5,109.5,109.5,109.5
NSE:ABSL10BANK-EQ,13.474666666666666,1125,13.474666666666666,5.0,2026-04-02 15:29:00,154.33,155.0,154.33,155.0
NSE:ABSLBANETF-EQ,940.1893333333334,1125,940.1893333333334,2488.0,2026-04-02 15:29:00,52.78,53.0,52.54,53.0
NSE:ABSLLIQUID-EQ,8.057777777777778,1125,8.057777777777778,0.0,2026-04-02 15:29:00,1000.01,1000.01,1000.01,1000.01
NSE:ABSLMSCIN-EQ,20.54222222222222,1125,20.54222222222222,0.0,2026-04-02 15:29:00,27.06,27.06,27.06,27.06
NSE:ABSLNN50ET-EQ,87.03644444444444,1125,87.03644444444444,0.0,2026-04-02 15:29:00,65.2,65.2,65.2,65.2
NSE:ABSLPSE-EQ,464.8666666666667,1125,464.8666666666667,193.0,2026-04-02 15:29:00,9.98,10.05,9.98,10.05
NSE:ALPHA-EQ,8077.88,1125,8077.88,18179.0,2026-04-02 15:29:00,43.61,43.61,43.42,43.5
NSE:ALPHAETF-EQ,2308.9386666666664,1125,2308.9386666666664,142.0,2026-04-02 15:29:00,22.55,22.55,22.55,22.55
NSE:ALPL30IETF-EQ,3755.559111111111,1125,3755.559111111111,350.0,2026-04-02 15:29:00,24.9,24.9,24.9,24.9
NSE:AONEGOLD-EQ,2652.918222222222,1125,2652.918222222222,11728.0,2026-04-02 15:29:00,13.78,13.85,13.56,13.85
NSE:AONELIQUID-EQ,110.59377777777777,1125,110.59377777777777,2.0,2026-04-02 15:29:00,1053.93,1053.93,1053.93,1053.93
NSE:AONENIFTY-EQ,1790.9217777777778,1125,1790.9217777777778,92.0,2026-04-02 15:29:00,9.32,9.33,9.3,9.3
NSE:AONESILVER-EQ,2069.7502222222224,1125,2069.7502222222224,2803.0,2026-04-02 15:29:00,8.81,8.81,8.8,8.8
NSE:AONETMMQ50-EQ,387.84,1125,387.84,12.0,2026-04-02 15:29:00,8.99,9.03,8.99,9.03
NSE:AONETOTAL-EQ,1115.8506666666667,1125,1115.8506666666667,2514.0,2026-04-02 15:29:00,10.62,10.62,10.62,10.62
NSE:AUTOBEES-EQ,1179.36,1125,1179.36,1663.0,2026-04-02 15:29:00,248.26,249.0,248.11,249.0
NSE:AUTOIETF-EQ,1930.0195555555556,1125,1930.0195555555556,1888.0,2026-04-02 15:29:00,24.87,24.87,24.85,24.87
NSE:AXISBNKETF-EQ,14.90311111111111,1125,14.90311111111111,11.0,2026-04-02 15:29:00,528.95,529.65,528.95,529.65
NSE:AXISBPSETF-EQ,599.1537777777778,1125,599.1537777777778,3467.0,2026-04-02 15:29:00,13.32,13.32,13.31,13.31
NSE:AXISCETF-EQ,6.645333333333333,1125,6.645333333333333,0.0,2026-04-02 15:29:00,108.29,108.29,108.29,108.29
NSE:AXISGOLD-EQ,12276.457777777778,1125,12276.457777777778,8783.0,2026-04-02 15:29:00,121.34,121.34,120.86,121.2
NSE:AXISHCETF-EQ,23.52,1125,23.52,0.0,2026-04-02 15:29:00,141.93,141.93,141.93,141.93
NSE:AXISILVER-EQ,1738.2835555555555,1125,1738.2835555555555,2330.0,2026-04-02 15:29:00,225.23,225.48,224.18,224.6
NSE:AXISNIFTY-EQ,491.6053333333333,1125,491.6053333333333,128.0,2026-04-02 15:29:00,250.45,250.48,250.45,250.48
NSE:AXISTECETF-EQ,11.260444444444444,1125,11.260444444444444,0.0,2026-04-02 15:29:00,332.96,332.96,332.96,332.96
NSE:AXISVALUE-EQ,675.4622222222222,1125,675.4622222222222,1058.0,2026-04-02 15:29:00,31.12,31.14,31.12,31.14
NSE:AXSENSEX-EQ,31.884444444444444,1125,31.884444444444444,0.0,2026-04-02 15:29:00,75.6,75.6,75.6,75.6
NSE:BANK10ADD-EQ,30185.222222222223,1125,30185.222222222223,9959.0,2026-04-02 15:29:00,15.39,15.39,14.2,14.8
NSE:BANKADD-EQ,1148.7617777777778,1125,1148.7617777777778,140.0,2026-04-02 15:29:00,52.72,53.3,52.72,53.3
NSE:BANKBEES-EQ,5470.266666666666,1125,5470.266666666666,8048.0,2026-04-02 15:29:00,532.4,533.0,532.3,532.83
NSE:BANKBETA-EQ,2710.159111111111,1125,2710.159111111111,938.0,2026-04-02 15:29:00,53.23,53.33,53.13,53.16
NSE:BANKBETF-EQ,273.4542222222222,1125,273.4542222222222,0.0,2026-04-02 15:29:00,52.35,52.35,52.35,52.35
NSE:BANKETF-EQ,89.43644444444445,1125,89.43644444444445,7.0,2026-04-02 15:29:00,523.42,523.42,522.33,522.33
NSE:BANKIETF-EQ,4285.322666666667,1125,4285.322666666667,8752.0,2026-04-02 15:29:00,52.86,52.98,52.86,52.98
NSE:BANKNIFTY1-EQ,4938.051555555556,1125,4938.051555555556,1228.0,2026-04-02 15:29:00,53.43,53.52,53.3,53.48
NSE:BANKPSU-EQ,143.84177777777776,1125,143.84177777777776,300.0,2026-04-02 15:29:00,81.72,81.79,81.72,81.73
NSE:BBETF0432-EQ,25.52,1125,25.52,3.0,2026-04-02 15:29:00,1298.49,1298.49,1296.0,1296.0
NSE:BBNPNBETF-EQ,11.233777777777778,1125,11.233777777777778,0.0,2026-04-02 15:29:00,51.98,51.98,51.98,51.98
NSE:BBNPPGOLD-EQ,282.9004444444444,1125,282.9004444444444,263.0,2026-04-02 15:29:00,141.5,141.55,141.5,141.55
NSE:BFSI-EQ,2383.6284444444445,1125,2383.6284444444445,4019.0,2026-04-02 15:29:00,24.87,24.89,24.87,24.87
NSE:BSE500IETF-EQ,1335.583111111111,1125,1335.583111111111,450.0,2026-04-02 15:29:00,35.26,35.4,35.26,35.4
NSE:BSLGOLDETF-EQ,2455.1457777777778,1125,2455.1457777777778,913.0,2026-04-02 15:29:00,127.78,128.33,127.78,127.78
NSE:BSLNIFTY-EQ,8851.364444444445,1125,8851.364444444445,1318.0,2026-04-02 15:29:00,26.35,26.37,26.28,26.28
NSE:BSLSENETFG-EQ,24.632,1125,24.632,0.0,2026-04-02 15:29:00,73.21,73.21,73.21,73.21
NSE:CASHIETF-EQ,500.624,1125,500.624,0.0,2026-04-02 15:29:00,1056.54,1056.54,1056.54,1056.54
NSE:CHEMICAL-EQ,949.6373333333333,1125,949.6373333333333,1673.0,2026-04-02 15:29:00,25.8,25.99,25.8,25.99
NSE:CHOICEGOLD-EQ,81.66666666666667,1125,81.66666666666667,253.0,2026-04-02 15:29:00,145.15,145.2,145.15,145.15
NSE:COMMOIETF-EQ,256.81955555555555,1125,256.81955555555555,308.0,2026-04-02 15:29:00,94.0,94.11,94.0,94.11
NSE:CONS-EQ,230.35288888888888,1125,230.35288888888888,0.0,2026-04-02 15:29:00,11.34,11.34,11.34,11.34
NSE:CONSUMBEES-EQ,618.4231111111111,1125,618.4231111111111,1483.0,2026-04-02 15:29:00,117.17,117.19,117.17,117.19
NSE:CONSUMER-EQ,862.0755555555555,1125,862.0755555555555,1236.0,2026-04-02 15:29:00,9.95,9.95,9.94,9.94
NSE:CONSUMIETF-EQ,108.85866666666666,1125,108.85866666666666,77.0,2026-04-02 15:29:00,108.99,110.66,108.99,110.66
NSE:CPSEETF-EQ,4820.026666666667,1125,4820.026666666667,2252.0,2026-04-02 15:29:00,100.76,100.77,100.66,100.76
NSE:DEFENCE-EQ,479.0924444444444,1125,479.0924444444444,3295.0,2026-04-02 15:29:00,62.32,62.33,62.26,62.33
NSE:DIVIDEND-EQ,39.78488888888889,1125,39.78488888888889,2.0,2026-04-02 15:29:00,34.28,34.28,34.26,34.26
NSE:DIVOPPBEES-EQ,216.88977777777777,1125,216.88977777777777,114.0,2026-04-02 15:29:00,76.35,76.35,75.63,76.35
NSE:EBANKNIFTY-EQ,281.264,1125,281.264,0.0,2026-04-02 15:29:00,51.75,51.75,51.75,51.75
NSE:EBBETF0430-EQ,153.34044444444444,1125,153.34044444444444,165.0,2026-04-02 15:29:00,1552.0,1552.01,1552.0,1552.01
NSE:EBBETF0431-EQ,52.974222222222224,1125,52.974222222222224,0.0,2026-04-02 15:29:00,1380.31,1380.31,1380.31,1380.31
NSE:EBBETF0433-EQ,82.72177777777777,1125,82.72177777777777,7.0,2026-04-02 15:29:00,1256.2,1256.2,1256.2,1256.2
NSE:ECAPINSURE-EQ,289.78133333333335,1125,289.78133333333335,1022.0,2026-04-02 15:29:00,21.51,21.51,21.51,21.51
NSE:EGOLD-EQ,281.94755555555554,1125,281.94755555555554,1300.0,2026-04-02 15:29:00,153.0,153.0,153.0,153.0
NSE:ELIQUID-EQ,7.439111111111111,1125,7.439111111111111,0.0,2026-04-02 15:29:00,1025.31,1025.31,1025.31,1025.31
NSE:ELM250-EQ,305.4017777777778,1125,305.4017777777778,325.0,2026-04-02 15:29:00,14.71,14.99,14.7,14.99
NSE:EMULTIMQ-EQ,178.2817777777778,1125,178.2817777777778,0.0,2026-04-02 15:29:00,37.92,37.92,37.92,37.92
NSE:ENIFTY-EQ,29.568,1125,29.568,9.0,2026-04-02 15:29:00,22.86,22.86,22.85,22.85
NSE:EQUAL200-EQ,313.10133333333334,1125,313.10133333333334,0.0,2026-04-02 15:29:00,12.09,12.09,12.09,12.09
NSE:EQUAL50-EQ,44.56355555555555,1125,44.56355555555555,0.0,2026-04-02 15:29:00,302.75,302.75,302.75,302.75
NSE:EQUAL50ADD-EQ,187.90755555555555,1125,187.90755555555555,150.0,2026-04-02 15:29:00,312.16,314.8,312.16,314.8
NSE:ESENSEX-EQ,5.886222222222222,1125,5.886222222222222,0.0,2026-04-02 15:29:00,73.5,73.5,73.5,73.5
NSE:ESG-EQ,69.54311111111112,1125,69.54311111111112,0.0,2026-04-02 15:29:00,38.52,38.52,38.52,38.52
NSE:ESILVER-EQ,694.2968888888889,1125,694.2968888888889,433188.0,2026-04-02 15:29:00,226.5,226.65,225.5,226.65
NSE:EVIETF-EQ,500.0097777777778,1125,500.0097777777778,907.0,2026-04-02 15:29:00,27.15,28.0,26.92,26.92
NSE:EVINDIA-EQ,952.9368888888889,1125,952.9368888888889,1301.0,2026-04-02 15:29:00,27.1,27.1,27.1,27.1
NSE:FINIETF-EQ,2100.657777777778,1125,2100.657777777778,1948.0,2026-04-02 15:29:00,28.4,28.4,28.4,28.4
NSE:FLEXIADD-EQ,636.5475555555555,1125,636.5475555555555,10800.0,2026-04-02 15:29:00,9.37,9.37,9.37,9.37
NSE:FMCGIETF-EQ,5817.029333333333,1125,5817.029333333333,2915.0,2026-04-02 15:29:00,49.5,49.6,49.47,49.6
NSE:GILT10BETA-EQ,4.512888888888889,1125,4.512888888888889,0.0,2026-04-02 15:29:00,25.97,25.97,25.97,25.97
NSE:GILT5BETA-EQ,8.731555555555556,1125,8.731555555555556,0.0,2026-04-02 15:29:00,64.69,64.69,64.69,64.69
NSE:GILT5YBEES-EQ,1708.6071111111112,1125,1708.6071111111112,1076.0,2026-04-02 15:29:00,63.77,63.79,63.77,63.79
NSE:GOLD1-EQ,13863.485333333334,1125,13863.485333333334,20449.0,2026-04-02 15:29:00,121.59,121.65,121.42,121.6
NSE:GOLD360-EQ,144.46044444444445,1125,144.46044444444445,315.0,2026-04-02 15:29:00,143.2,143.65,142.0,142.0
NSE:GOLDADD-EQ,3436.114666666667,1125,3436.114666666667,4477.0,2026-04-02 15:29:00,144.88,145.4,141.3,145.4
NSE:GOLDBEES-EQ,169071.01155555557,1125,169071.01155555557,197090.0,2026-04-02 15:29:00,120.7,120.8,120.66,120.8
NSE:GOLDBETA-EQ,2307.978666666667,1125,2307.978666666667,5764.0,2026-04-02 15:29:00,123.05,123.05,122.8,122.8
NSE:GOLDBND-EQ,246.54577777777777,1125,246.54577777777777,4487.0,2026-04-02 15:29:00,155.6,173.4,155.6,167.99
NSE:GOLDCASE-EQ,42213.26577777778,1125,42213.26577777778,22567.0,2026-04-02 15:29:00,23.14,23.27,23.13,23.25
NSE:GOLDETF-EQ,5385.0524444444445,1125,5385.0524444444445,651.0,2026-04-02 15:29:00,141.49,141.9,141.49,141.9
NSE:GOLDIETF-EQ,38507.648,1125,38507.648,92377.0,2026-04-02 15:29:00,124.65,124.67,124.6,124.6
NSE:GROWWCAPM-EQ,1111.912,1125,1111.912,729.0,2026-04-02 15:29:00,9.37,9.37,9.29,9.37
NSE:GROWWCHEM-EQ,70.27022222222222,1125,70.27022222222222,0.0,2026-04-02 15:29:00,25.66,25.66,25.66,25.66
NSE:GROWWDEFNC-EQ,1674.7057777777777,1125,1674.7057777777777,3085.0,2026-04-02 15:29:00,76.23,76.27,75.5,76.27
NSE:GROWWEV-EQ,1069.6062222222222,1125,1069.6062222222222,133.0,2026-04-02 15:29:00,27.09,27.14,27.09,27.14
NSE:GROWWGOLD-EQ,11400.878222222222,1125,11400.878222222222,10654.0,2026-04-02 15:29:00,14.23,14.25,14.2,14.25
NSE:GROWWHOSPI-EQ,289.36,1125,289.36,205.0,2026-04-02 15:29:00,44.48,44.52,44.48,44.52
NSE:GROWWLIQID-EQ,2697.7173333333335,1125,2697.7173333333335,4922.0,2026-04-02 15:29:00,108.52,108.53,108.52,108.52
NSE:GROWWLOVOL-EQ,57.169777777777774,1125,57.169777777777774,0.0,2026-04-02 15:29:00,9.71,9.71,9.71,9.71
NSE:GROWWMC150-EQ,31.24,1125,31.24,0.0,2026-04-02 15:29:00,199.0,199.0,199.0,199.0
NSE:GROWWMETAL-EQ,1780.9253333333334,1125,1780.9253333333334,6040.0,2026-04-02 15:29:00,10.92,10.94,10.92,10.94
NSE:GROWWMOM50-EQ,1432.3368888888888,1125,1432.3368888888888,2948.0,2026-04-02 15:29:00,9.44,9.45,9.44,9.45
NSE:GROWWN200-EQ,389.82311111111113,1125,389.82311111111113,0.0,2026-04-02 15:29:00,10.25,10.25,10.25,10.25
NSE:GROWWNET-EQ,1414.176888888889,1125,1414.176888888889,1230.0,2026-04-02 15:29:00,8.29,8.42,8.29,8.42
NSE:GROWWNIFTY-EQ,4596.136888888889,1125,4596.136888888889,6505.0,2026-04-02 15:29:00,9.12,9.14,9.11,9.12
NSE:GROWWNXT50-EQ,26.952,1125,26.952,7.0,2026-04-02 15:29:00,62.33,62.33,62.1,62.1
NSE:GROWWPOWER-EQ,4642.223111111111,1125,4642.223111111111,6411.0,2026-04-02 15:29:00,10.13,10.13,10.05,10.12
NSE:GROWWPSE-EQ,24.39288888888889,1125,24.39288888888889,48.0,2026-04-02 15:29:00,97.42,98.0,97.42,98.0
NSE:GROWWPSUBK-EQ,40.31644444444444,1125,40.31644444444444,179.0,2026-04-02 15:29:00,81.73,81.73,80.39,80.39
NSE:GROWWRAIL-EQ,1934.8293333333334,1125,1934.8293333333334,5928.0,2026-04-02 15:29:00,29.05,29.05,29.05,29.05
NSE:GROWWRLTY-EQ,1550.456,1125,1550.456,1096.0,2026-04-02 15:29:00,7.53,7.53,7.53,7.53
NSE:GROWWSC250-EQ,1620.3546666666666,1125,1620.3546666666666,28.0,2026-04-02 15:29:00,8.6,8.7,8.6,8.7
NSE:GROWWSLVR-EQ,10362.770666666667,1125,10362.770666666667,14251.0,2026-04-02 15:29:00,22.15,22.19,22.15,22.19
NSE:GSEC10ABSL-EQ,0.944,1125,0.944,0.0,2026-04-02 15:29:00,108.41,108.41,108.41,108.41
NSE:GSEC10IETF-EQ,2.5155555555555558,1125,2.5155555555555558,0.0,2026-04-02 15:29:00,256.46,256.46,256.46,256.46
NSE:GSEC10YEAR-EQ,92.19733333333333,1125,92.19733333333333,0.0,2026-04-02 15:29:00,29.14,29.14,29.14,29.14
NSE:GSEC5IETF-EQ,50.413333333333334,1125,50.413333333333334,4.0,2026-04-02 15:29:00,63.5,63.89,63.5,63.89
NSE:HDFCBSE500-EQ,183.49333333333334,1125,183.49333333333334,50.0,2026-04-02 15:29:00,33.66,34.0,33.66,34.0
NSE:HDFCGOLD-EQ,20731.055111111113,1125,20731.055111111113,55686.0,2026-04-02 15:29:00,124.6,124.65,124.6,124.6
NSE:HDFCGROWTH-EQ,51.21688888888889,1125,51.21688888888889,27.0,2026-04-02 15:29:00,113.59,113.59,113.59,113.59
NSE:HDFCLIQUID-EQ,224.3448888888889,1125,224.3448888888889,0.0,2026-04-02 15:29:00,1055.0,1055.0,1055.0,1055.0
NSE:HDFCLOWVOL-EQ,222.95644444444446,1125,222.95644444444446,0.0,2026-04-02 15:29:00,18.94,18.94,18.94,18.94
NSE:HDFCMID150-EQ,6719.281777777778,1125,6719.281777777778,4384.0,2026-04-02 15:29:00,20.0,20.09,20.0,20.08
NSE:HDFCMOMENT-EQ,1252.6897777777779,1125,1252.6897777777779,187.0,2026-04-02 15:29:00,27.92,27.92,27.9,27.9
NSE:HDFCNEXT50-EQ,1597.4053333333334,1125,1597.4053333333334,2063.0,2026-04-02 15:29:00,63.65,66.93,63.65,66.0
NSE:HDFCNIF100-EQ,775.1395555555556,1125,775.1395555555556,1903.0,2026-04-02 15:29:00,24.6,24.6,24.6,24.6
NSE:HDFCNIFBAN-EQ,3896.4417777777776,1125,3896.4417777777776,2865.0,2026-04-02 15:29:00,52.99,53.89,52.92,52.92
NSE:HDFCNIFIT-EQ,858.9591111111112,1125,858.9591111111112,200.0,2026-04-02 15:29:00,32.05,32.25,32.05,32.25
NSE:HDFCNIFTY-EQ,1594.5884444444443,1125,1594.5884444444443,608.0,2026-04-02 15:29:00,253.75,254.45,253.25,253.25
NSE:HDFCPSUBK-EQ,224.38755555555556,1125,224.38755555555556,320.0,2026-04-02 15:29:00,81.9,81.9,81.2,81.2
NSE:HDFCPVTBAN-EQ,644.5875555555556,1125,644.5875555555556,1161.0,2026-04-02 15:29:00,26.39,26.39,24.7,24.7
NSE:HDFCQUAL-EQ,39.53066666666667,1125,39.53066666666667,50.0,2026-04-02 15:29:00,53.46,54.5,53.46,54.5
NSE:HDFCSENSEX-EQ,1489.7208888888888,1125,1489.7208888888888,1581.0,2026-04-02 15:29:00,82.43,82.78,82.43,82.78
NSE:HDFCSILVER-EQ,16520.629333333334,1125,16520.629333333334,65296.0,2026-04-02 15:29:00,215.7,215.7,215.5,215.6
NSE:HDFCSML250-EQ,12570.4,1125,12570.4,16498.0,2026-04-02 15:29:00,148.45,148.63,148.45,148.62
NSE:HDFCVALUE-EQ,59.39288888888889,1125,59.39288888888889,0.0,2026-04-02 15:29:00,125.0,125.0,125.0,125.0
NSE:HEALTHADD-EQ,10.022222222222222,1125,10.022222222222222,0.0,2026-04-02 15:29:00,141.01,141.01,141.01,141.01
NSE:HEALTHCARE-EQ,66.09688888888888,1125,66.09688888888888,0.0,2026-04-02 15:29:00,17.64,17.64,17.64,17.64
NSE:HEALTHIETF-EQ,467.3093333333333,1125,467.3093333333333,852.0,2026-04-02 15:29:00,149.49,149.49,148.0,148.0
NSE:HEALTHY-EQ,1316.7946666666667,1125,1316.7946666666667,1975.0,2026-04-02 15:29:00,14.33,14.35,14.33,14.35
NSE:HNGSNGBEES-EQ,660.2488888888889,1125,660.2488888888889,2181.0,2026-04-02 15:29:00,478.39,478.82,478.0,478.0
NSE:HSBCGOLD-EQ,33.38755555555556,1125,33.38755555555556,12.0,2026-04-02 15:29:00,127.49,127.5,126.51,127.5
NSE:ICICIB22-EQ,1860.4737777777777,1125,1860.4737777777777,2384.0,2026-04-02 15:29:00,115.79,115.85,115.78,115.85
NSE:IDFNIFTYET-EQ,4.509333333333333,1125,4.509333333333333,0.0,2026-04-02 15:29:00,249.87,249.87,249.87,249.87
NSE:INFRABEES-EQ,78.07822222222222,1125,78.07822222222222,51.0,2026-04-02 15:29:00,895.01,895.01,895.0,895.0
NSE:INFRAIETF-EQ,1333.0915555555555,1125,1333.0915555555555,495.0,2026-04-02 15:29:00,88.59,89.6,88.4,89.6
NSE:INTERNET-EQ,935.7573333333333,1125,935.7573333333333,15.0,2026-04-02 15:29:00,11.13,11.13,11.13,11.13
NSE:IT-EQ,1631.856888888889,1125,1631.856888888889,3106.0,2026-04-02 15:29:00,33.7,33.8,33.6,33.75
NSE:ITADD-EQ,633.2026666666667,1125,633.2026666666667,0.0,2026-04-02 15:29:00,32.19,32.19,32.19,32.19
NSE:ITBEES-EQ,52816.76533333334,1125,52816.76533333334,112253.0,2026-04-02 15:29:00,33.48,33.49,33.48,33.48
NSE:ITBETA-EQ,5.519111111111111,1125,5.519111111111111,200.0,2026-04-02 15:29:00,317.7,320.0,317.7,320.0
NSE:ITETF-EQ,1732.6346666666666,1125,1732.6346666666666,338.0,2026-04-02 15:29:00,31.98,31.98,31.89,31.95
NSE:ITIETF-EQ,2843.6035555555554,1125,2843.6035555555554,2940.0,2026-04-02 15:29:00,33.45,33.49,33.45,33.48
NSE:IVZINGOLD-EQ,2.112,1125,2.112,1.0,2026-04-02 15:29:00,12649.95,12649.95,12649.95,12649.95
NSE:IVZINNIFTY-EQ,1.4115555555555555,1125,1.4115555555555555,0.0,2026-04-02 15:29:00,2596.71,2596.71,2596.71,2596.71
NSE:JUNIORBEES-EQ,2827.554666666667,1125,2827.554666666667,3643.0,2026-04-02 15:29:00,669.3,670.0,669.0,670.0
NSE:LICMFGOLD-EQ,879.4444444444445,1125,879.4444444444445,111.0,2026-04-02 15:29:00,130.55,130.95,130.5,130.95
NSE:LICNETFGSC-EQ,181.62044444444444,1125,181.62044444444444,1171.0,2026-04-02 15:29:00,28.32,28.32,28.32,28.32
NSE:LICNETFN50-EQ,6.304888888888889,1125,6.304888888888889,0.0,2026-04-02 15:29:00,253.7,253.7,253.7,253.7
NSE:LICNETFSEN-EQ,0.6408888888888888,1125,0.6408888888888888,0.0,2026-04-02 15:29:00,823.82,823.82,823.82,823.82
NSE:LICNFNHGP-EQ,4.050666666666666,1125,4.050666666666666,0.0,2026-04-02 15:29:00,254.7,254.7,254.7,254.7
NSE:LICNMID100-EQ,31.444444444444443,1125,31.444444444444443,0.0,2026-04-02 15:29:00,53.85,53.85,53.85,53.85
NSE:LIQGRWBEES-EQ,180.85066666666665,1125,180.85066666666665,403.0,2026-04-02 15:29:00,1034.28,1034.3,1034.28,1034.3
NSE:LIQUID-EQ,644.7644444444444,1125,644.7644444444444,555.0,2026-04-02 15:29:00,999.99,1000.0,999.99,1000.0
NSE:LIQUID1-EQ,2059.4817777777776,1125,2059.4817777777776,5604.0,2026-04-02 15:29:00,1098.5,1098.51,1098.5,1098.51
NSE:LIQUIDADD-EQ,1445.4062222222221,1125,1445.4062222222221,2435.0,2026-04-02 15:29:00,1120.67,1120.67,1120.66,1120.66
NSE:LIQUIDBEES-EQ,12722.179555555556,1125,12722.179555555556,474926.0,2026-04-02 15:29:00,1000.01,1000.01,1000.0,1000.01
NSE:LIQUIDBETF-EQ,1233.7386666666666,1125,1233.7386666666666,300.0,2026-04-02 15:29:00,1076.05,1076.06,1076.05,1076.06
NSE:LIQUIDCASE-EQ,93518.89333333333,1125,93518.89333333333,728784.0,2026-04-02 15:29:00,113.49,113.49,113.48,113.49
NSE:LIQUIDETF-EQ,342.5662222222222,1125,342.5662222222222,315.0,2026-04-02 15:29:00,999.99,1000.01,999.99,1000.01
NSE:LIQUIDIETF-EQ,1566.608,1125,1566.608,2354.0,2026-04-02 15:29:00,1000.0,1000.0,999.99,1000.0
NSE:LIQUIDPLUS-EQ,1290.6426666666666,1125,1290.6426666666666,11032.0,2026-04-02 15:29:00,1079.68,1079.68,1079.68,1079.68
NSE:LIQUIDSBI-EQ,49.02044444444444,1125,49.02044444444444,0.0,2026-04-02 15:29:00,1000.01,1000.01,1000.01,1000.01
NSE:LIQUIDSHRI-EQ,33.09777777777778,1125,33.09777777777778,0.0,2026-04-02 15:29:00,1099.05,1099.05,1099.05,1099.05
NSE:LOWVOL-EQ,14.118222222222222,1125,14.118222222222222,0.0,2026-04-02 15:29:00,189.26,189.26,189.26,189.26
NSE:LOWVOL1-EQ,528.704888888889,1125,528.704888888889,1407.0,2026-04-02 15:29:00,20.18,20.29,20.18,20.29
NSE:LOWVOLIETF-EQ,7048.631111111111,1125,7048.631111111111,3220.0,2026-04-02 15:29:00,20.3,20.33,20.3,20.33
NSE:LTGILTBEES-EQ,6849.92,1125,6849.92,4260.0,2026-04-02 15:29:00,28.77,28.79,28.77,28.79
NSE:LTGILTCASE-EQ,402.3982222222222,1125,402.3982222222222,34.0,2026-04-02 15:29:00,29.36,29.4,29.36,29.4
NSE:MAFANG-EQ,937.0853333333333,1125,937.0853333333333,0.0,2026-04-02 15:29:00,154.53,154.53,154.53,154.53
NSE:MAHKTECH-EQ,2657.112,1125,2657.112,600.0,2026-04-02 15:29:00,22.58,22.58,22.58,22.58
NSE:MAKEINDIA-EQ,186.14133333333334,1125,186.14133333333334,492.0,2026-04-02 15:29:00,144.01,144.05,144.01,144.01
NSE:MANUFGBEES-EQ,21.299555555555557,1125,21.299555555555557,0.0,2026-04-02 15:29:00,141.81,141.81,141.81,141.81
NSE:MASPTOP50-EQ,932.3653333333333,1125,932.3653333333333,0.0,2026-04-02 15:29:00,69.51,69.51,69.51,69.51
NSE:METALIETF-EQ,30053.13511111111,1125,30053.13511111111,79103.0,2026-04-02 15:29:00,11.55,11.55,11.52,11.55
NSE:MID150-EQ,876.624,1125,876.624,223.0,2026-04-02 15:29:00,20.98,21.3,20.98,21.3
NSE:MID150BEES-EQ,6470.417777777778,1125,6470.417777777778,26034.0,2026-04-02 15:29:00,204.68,204.75,204.65,204.75
NSE:MID150CASE-EQ,12710.042666666666,1125,12710.042666666666,2419.0,2026-04-02 15:29:00,9.92,9.93,9.92,9.93
NSE:MIDCAP-EQ,3877.873777777778,1125,3877.873777777778,604.0,2026-04-02 15:29:00,15.69,15.69,15.69,15.69
NSE:MIDCAPADD-EQ,133.23822222222222,1125,133.23822222222222,0.0,2026-04-02 15:29:00,19.87,19.87,19.87,19.87
NSE:MIDCAPBETA-EQ,56.21688888888889,1125,56.21688888888889,0.0,2026-04-02 15:29:00,199.24,199.24,199.24,199.24
NSE:MIDCAPETF-EQ,18184.98488888889,1125,18184.98488888889,14554.0,2026-04-02 15:29:00,20.18,20.2,20.18,20.2
NSE:MIDCAPIETF-EQ,8027.898666666667,1125,8027.898666666667,10863.0,2026-04-02 15:29:00,20.5,20.5,20.46,20.48
NSE:MIDQ50ADD-EQ,41.523555555555554,1125,41.523555555555554,0.0,2026-04-02 15:29:00,219.0,219.0,219.0,219.0
NSE:MIDSELIETF-EQ,2655.6026666666667,1125,2655.6026666666667,1103.0,2026-04-02 15:29:00,15.95,15.98,15.95,15.98
NSE:MIDSMALL-EQ,2248.432,1125,2248.432,338.0,2026-04-02 15:29:00,44.12,44.16,44.12,44.16
NSE:MNC-EQ,271.784,1125,271.784,756.0,2026-04-02 15:29:00,30.69,30.7,30.69,30.69
NSE:MOALPHA50-EQ,71.87377777777778,1125,71.87377777777778,0.0,2026-04-02 15:29:00,45.3,45.3,45.3,45.3
NSE:MOCAPITAL-EQ,2103.6,1125,2103.6,3615.0,2026-04-02 15:29:00,44.49,44.5,44.15,44.5
NSE:MODEFENCE-EQ,18454.243555555557,1125,18454.243555555557,25602.0,2026-04-02 15:29:00,83.6,83.93,83.6,83.93
NSE:MOENERGY-EQ,545.808,1125,545.808,4138.0,2026-04-02 15:29:00,35.49,35.89,34.99,35.89
NSE:MOGOLD-EQ,319.75555555555553,1125,319.75555555555553,231.0,2026-04-02 15:29:00,142.3,143.0,142.3,143.0
NSE:MOGSEC-EQ,57.66133333333333,1125,57.66133333333333,442.0,2026-04-02 15:29:00,63.4,63.4,63.4,63.4
NSE:MOHEALTH-EQ,188.11911111111112,1125,188.11911111111112,306.0,2026-04-02 15:29:00,42.05,42.3,42.05,42.3
NSE:MOINFRA-EQ,44.236444444444444,1125,44.236444444444444,0.0,2026-04-02 15:29:00,56.85,56.85,56.85,56.85
NSE:MOIPO-EQ,350.19555555555553,1125,350.19555555555553,0.0,2026-04-02 15:29:00,38.98,38.98,38.98,38.98
NSE:MOLOWVOL-EQ,116.03733333333334,1125,116.03733333333334,0.0,2026-04-02 15:29:00,34.28,34.28,34.28,34.28
NSE:MOM100-EQ,3207.445333333333,1125,3207.445333333333,2777.0,2026-04-02 15:29:00,57.9,57.9,57.9,57.9
NSE:MOM30IETF-EQ,6140.082666666666,1125,6140.082666666666,19995.0,2026-04-02 15:29:00,28.14,28.16,28.12,28.16
NSE:MOM50-EQ,61.093333333333334,1125,61.093333333333334,0.0,2026-04-02 15:29:00,236.45,236.45,236.45,236.45
NSE:MOMENTUM30-EQ,979.3582222222223,1125,979.3582222222223,2261.0,2026-04-02 15:29:00,28.9,28.9,27.5,27.5
NSE:MOMENTUM50-EQ,5023.812444444445,1125,5023.812444444445,2825.0,2026-04-02 15:29:00,46.55,46.98,46.55,46.98
NSE:MOMGF-EQ,2.088,1125,2.088,0.0,2026-04-02 15:29:00,141.36,141.36,141.36,141.36
NSE:MOMIDMTM-EQ,695.72,1125,695.72,468.0,2026-04-02 15:29:00,56.98,56.98,56.14,56.97
NSE:MOMNC-EQ,6.451555555555555,1125,6.451555555555555,0.0,2026-04-02 15:29:00,27.71,27.71,27.71,27.71
NSE:MOMOMENTUM-EQ,645.0328888888889,1125,645.0328888888889,412.0,2026-04-02 15:29:00,55.44,55.84,55.3,55.84
NSE:MON100-EQ,3314.8924444444447,1125,3314.8924444444447,5949.0,2026-04-02 15:29:00,238.92,239.39,238.91,239.39
NSE:MON50EQUAL-EQ,14.703111111111111,1125,14.703111111111111,0.0,2026-04-02 15:29:00,30.27,30.27,30.27,30.27
NSE:MONEXT50-EQ,25.082666666666668,1125,25.082666666666668,50.0,2026-04-02 15:29:00,61.83,62.0,61.83,62.0
NSE:MONIFTY100-EQ,98.00711111111112,1125,98.00711111111112,0.0,2026-04-02 15:29:00,23.11,23.11,23.11,23.11
NSE:MONIFTY500-EQ,6257.681777777778,1125,6257.681777777778,8441.0,2026-04-02 15:29:00,21.34,21.35,21.16,21.33
NSE:MONQ50-EQ,676.8746666666667,1125,676.8746666666667,189.0,2026-04-02 15:29:00,109.32,109.32,109.32,109.32
NSE:MOPSE-EQ,44.651555555555554,1125,44.651555555555554,0.0,2026-04-02 15:29:00,97.76,97.76,97.76,97.76
NSE:MOQUALITY-EQ,39.169777777777774,1125,39.169777777777774,1.0,2026-04-02 15:29:00,190.0,190.0,190.0,190.0
NSE:MOREALTY-EQ,3070.2817777777777,1125,3070.2817777777777,6595.0,2026-04-02 15:29:00,67.15,67.18,67.15,67.17
NSE:MOSERVICE-EQ,9.490666666666666,1125,9.490666666666666,0.0,2026-04-02 15:29:00,29.1,29.1,29.1,29.1
NSE:MOSILVER-EQ,196.93155555555555,1125,196.93155555555555,1853.0,2026-04-02 15:29:00,232.5,250.62,225.0,228.02
NSE:MOSMALL250-EQ,10578.402666666667,1125,10578.402666666667,2269.0,2026-04-02 15:29:00,14.88,14.89,14.75,14.89
NSE:MOTOUR-EQ,100.70577777777778,1125,100.70577777777778,432.0,2026-04-02 15:29:00,68.55,68.8,68.55,68.8
NSE:MOVALUE-EQ,587.456,1125,587.456,8157.0,2026-04-02 15:29:00,108.25,109.3,106.81,109.0
NSE:MSCIADD-EQ,4.981333333333334,1125,4.981333333333334,10.0,2026-04-02 15:29:00,28.5,28.5,28.5,28.5
NSE:MSCIINDIA-EQ,361.90933333333334,1125,361.90933333333334,0.0,2026-04-02 15:29:00,27.89,27.89,27.89,27.89
NSE:MULTICAP-EQ,1932.8373333333334,1125,1932.8373333333334,357.0,2026-04-02 15:29:00,14.6,14.61,14.6,14.61
NSE:NETF-EQ,68.67733333333334,1125,68.67733333333334,0.0,2026-04-02 15:29:00,244.46,244.46,244.46,244.46
NSE:NEXT30ADD-EQ,30.868444444444446,1125,30.868444444444446,0.0,2026-04-02 15:29:00,37.89,37.89,37.89,37.89
NSE:NEXT50-EQ,252.74488888888888,1125,252.74488888888888,490.0,2026-04-02 15:29:00,638.04,638.24,637.9,637.9
NSE:NEXT50ADD-EQ,325.1475555555555,1125,325.1475555555555,0.0,2026-04-02 15:29:00,61.94,61.94,61.94,61.94
NSE:NEXT50BETA-EQ,928.0728888888889,1125,928.0728888888889,735.0,2026-04-02 15:29:00,66.9,67.4,66.85,67.4
NSE:NEXT50ETF-EQ,373.0204444444444,1125,373.0204444444444,0.0,2026-04-02 15:29:00,62.6,62.6,62.6,62.6
NSE:NEXT50IETF-EQ,8276.345777777778,1125,8276.345777777778,19278.0,2026-04-02 15:29:00,65.41,65.47,65.41,65.44
NSE:NIF100BEES-EQ,429.50311111111114,1125,429.50311111111114,373.0,2026-04-02 15:29:00,246.5,246.59,244.3,246.55
NSE:NIF100IETF-EQ,1019.7457777777778,1125,1019.7457777777778,0.0,2026-04-02 15:29:00,25.74,25.74,25.74,25.74
NSE:NIFTY1-EQ,1375.048888888889,1125,1375.048888888889,1476.0,2026-04-02 15:29:00,250.57,250.58,250.34,250.58
NSE:NIFTY100EW-EQ,746.0728888888889,1125,746.0728888888889,2602.0,2026-04-02 15:29:00,30.49,30.66,30.18,30.18
NSE:NIFTYADD-EQ,2094.5226666666667,1125,2094.5226666666667,177.0,2026-04-02 15:29:00,238.25,238.44,238.25,238.44
NSE:NIFTYBEES-EQ,58022.52088888889,1125,58022.52088888889,132819.0,2026-04-02 15:29:00,257.98,258.67,257.9,257.98
NSE:NIFTYBETA-EQ,1086.1022222222223,1125,1086.1022222222223,960.0,2026-04-02 15:29:00,249.79,249.79,249.79,249.79
NSE:NIFTYBETF-EQ,33.147555555555556,1125,33.147555555555556,0.0,2026-04-02 15:29:00,232.11,232.11,232.11,232.11
NSE:NIFTYCASE-EQ,11675.09688888889,1125,11675.09688888889,51021.0,2026-04-02 15:29:00,9.05,9.05,9.03,9.04
NSE:NIFTYETF-EQ,1871.912,1125,1871.912,62439.0,2026-04-02 15:29:00,245.0,245.57,245.0,245.27
NSE:NIFTYIETF-EQ,5221.095111111111,1125,5221.095111111111,2872.0,2026-04-02 15:29:00,256.0,256.5,255.8,256.5
NSE:NIFTYQLITY-EQ,223.24,1125,223.24,49.0,2026-04-02 15:29:00,19.55,19.89,19.55,19.89
NSE:NPBET-EQ,3.856,1125,3.856,0.0,2026-04-02 15:29:00,252.57,252.57,252.57,252.57
NSE:NV20-EQ,778.3395555555555,1125,778.3395555555555,737.0,2026-04-02 15:29:00,13.9,13.9,13.8,13.8
NSE:NV20BEES-EQ,174.976,1125,174.976,145.0,2026-04-02 15:29:00,142.9,142.9,142.9,142.9
NSE:NV20IETF-EQ,1531.6151111111112,1125,1531.6151111111112,40.0,2026-04-02 15:29:00,13.55,13.55,13.5,13.5
NSE:OILIETF-EQ,7033.344888888889,1125,7033.344888888889,1833.0,2026-04-02 15:29:00,11.0,11.0,10.98,11.0
NSE:PHARMABEES-EQ,29570.587555555554,1125,29570.587555555554,21960.0,2026-04-02 15:29:00,22.38,22.4,22.38,22.4
NSE:PSUBANK-EQ,387.44177777777776,1125,387.44177777777776,583.0,2026-04-02 15:29:00,812.88,812.98,809.45,809.45
NSE:PSUBANKADD-EQ,823.9742222222222,1125,823.9742222222222,0.0,2026-04-02 15:29:00,81.89,81.89,81.89,81.89
NSE:PSUBNKBEES-EQ,12453.574222222222,1125,12453.574222222222,31801.0,2026-04-02 15:29:00,90.63,90.79,90.56,90.79
NSE:PSUBNKIETF-EQ,776.6408888888889,1125,776.6408888888889,840.0,2026-04-02 15:29:00,82.38,82.99,82.38,82.99
NSE:PVTBANIETF-EQ,13482.257777777777,1125,13482.257777777777,18954.0,2026-04-02 15:29:00,24.91,24.94,24.8,24.94
NSE:PVTBANKADD-EQ,3938.2097777777776,1125,3938.2097777777776,9904.0,2026-04-02 15:29:00,28.0,28.5,26.0,26.0
NSE:QGOLDHALF-EQ,417.8186666666667,1125,417.8186666666667,440.0,2026-04-02 15:29:00,120.88,121.0,120.88,121.0
NSE:QNIFTY-EQ,80.192,1125,80.192,378.0,2026-04-02 15:29:00,248.6,248.6,248.2,248.2
NSE:QUAL30IETF-EQ,3159.9991111111112,1125,3159.9991111111112,569.0,2026-04-02 15:29:00,19.24,19.33,19.22,19.33
NSE:QUALITY30-EQ,49.373333333333335,1125,49.373333333333335,0.0,2026-04-02 15:29:00,18.96,18.96,18.96,18.96
NSE:SBIBPB-EQ,1517.184888888889,1125,1517.184888888889,1071.0,2026-04-02 15:29:00,46.99,47.5,46.0,47.5
NSE:SBIETFCON-EQ,19.162666666666667,1125,19.162666666666667,0.0,2026-04-02 15:29:00,108.78,108.78,108.78,108.78
NSE:SBIETFIT-EQ,47.32711111111111,1125,47.32711111111111,0.0,2026-04-02 15:29:00,333.49,333.49,333.49,333.49
NSE:SBIETFPB-EQ,40.336888888888886,1125,40.336888888888886,70.0,2026-04-02 15:29:00,250.6,258.59,250.6,258.59
NSE:SBIETFQLTY-EQ,36.77422222222222,1125,36.77422222222222,0.0,2026-04-02 15:29:00,203.57,203.57,203.57,203.57
NSE:SBILIQETF-EQ,280.72444444444443,1125,280.72444444444443,0.0,2026-04-02 15:29:00,1033.53,1033.53,1033.53,1033.53
NSE:SBIMIDMOM-EQ,68.02044444444445,1125,68.02044444444445,13.0,2026-04-02 15:29:00,55.13,55.6,55.13,55.6
NSE:SBINEQWETF-EQ,444.1111111111111,1125,444.1111111111111,8339.0,2026-04-02 15:29:00,31.0,31.0,31.0,31.0
NSE:SBISILVER-EQ,6998.252444444444,1125,6998.252444444444,11589.0,2026-04-02 15:29:00,221.49,222.02,221.01,221.01
NSE:SDL26BEES-EQ,31.397333333333332,1125,31.397333333333332,1.0,2026-04-02 15:29:00,137.01,137.01,137.01,137.01
NSE:SELECTIPO-EQ,43.12,1125,43.12,134.0,2026-04-02 15:29:00,38.86,38.86,38.85,38.86
NSE:SENSEXADD-EQ,47.45688888888889,1125,47.45688888888889,0.0,2026-04-02 15:29:00,75.0,75.0,75.0,75.0
NSE:SENSEXBETA-EQ,38.55111111111111,1125,38.55111111111111,120.0,2026-04-02 15:29:00,807.28,813.0,793.0,813.0
NSE:SENSEXETF-EQ,241.51288888888888,1125,241.51288888888888,0.0,2026-04-02 15:29:00,75.2,75.2,75.2,75.2
NSE:SENSEXIETF-EQ,151.85866666666666,1125,151.85866666666666,90.0,2026-04-02 15:29:00,835.8,841.0,835.8,841.0
NSE:SETF10GILT-EQ,64.20088888888888,1125,64.20088888888888,30.0,2026-04-02 15:29:00,253.71,255.99,253.71,255.99
NSE:SETFGOLD-EQ,35731.99555555556,1125,35731.99555555556,25920.0,2026-04-02 15:29:00,124.45,124.54,124.45,124.54
NSE:SETFNIF50-EQ,7185.08,1125,7185.08,2421.0,2026-04-02 15:29:00,243.15,244.1,243.15,244.1
NSE:SETFNIFBK-EQ,693.432,1125,693.432,395.0,2026-04-02 15:29:00,528.65,528.66,528.52,528.65
NSE:SETFNN50-EQ,382.41866666666664,1125,382.41866666666664,457.0,2026-04-02 15:29:00,661.96,664.98,661.51,664.98
NSE:SHARIABEES-EQ,23.78933333333333,1125,23.78933333333333,11.0,2026-04-02 15:29:00,449.5,458.2,449.5,458.2
NSE:SILVER-EQ,8064.072,1125,8064.072,11653.0,2026-04-02 15:29:00,225.32,225.32,225.1,225.2
NSE:SILVER1-EQ,22239.022222222222,1125,22239.022222222222,26151.0,2026-04-02 15:29:00,21.87,21.88,21.85,21.85
NSE:SILVER360-EQ,260.7386666666667,1125,260.7386666666667,476.0,2026-04-02 15:29:00,223.0,223.59,221.12,221.12
NSE:SILVERADD-EQ,2378.627555555556,1125,2378.627555555556,4449.0,2026-04-02 15:29:00,217.19,217.35,216.99,217.35
NSE:SILVERAG-EQ,1033.0355555555554,1125,1033.0355555555554,2125.0,2026-04-02 15:29:00,219.53,219.89,219.0,219.17
NSE:SILVERBEES-EQ,144399.03555555554,1125,144399.03555555554,586318.0,2026-04-02 15:29:00,215.87,215.87,215.4,215.5
NSE:SILVERBETA-EQ,3054.655111111111,1125,3054.655111111111,5543.0,2026-04-02 15:29:00,217.21,218.19,217.21,217.31
NSE:SILVERBND-EQ,174.552,1125,174.552,42.0,2026-04-02 15:29:00,227.0,227.0,226.98,226.98
NSE:SILVERCASE-EQ,40895.52444444445,1125,40895.52444444445,45687.0,2026-04-02 15:29:00,23.0,23.0,22.98,22.99
NSE:SILVERIETF-EQ,18758.736,1125,18758.736,26775.0,2026-04-02 15:29:00,225.62,226.11,225.28,226.0
NSE:SMALL250-EQ,3043.606222222222,1125,3043.606222222222,1829.0,2026-04-02 15:29:00,14.73,14.73,14.68,14.73
NSE:SMALLADD-EQ,723.4577777777778,1125,723.4577777777778,31502.0,2026-04-02 15:29:00,14.79,14.95,14.79,14.95
NSE:SMALLCAP-EQ,10001.470222222222,1125,10001.470222222222,22893.0,2026-04-02 15:29:00,39.03,39.05,38.95,38.99
NSE:SML100CASE-EQ,11167.289777777778,1125,11167.289777777778,8518.0,2026-04-02 15:29:00,8.88,8.88,8.82,8.88
NSE:SNXT30BEES-EQ,49.90133333333333,1125,49.90133333333333,0.0,2026-04-02 15:29:00,37.77,37.77,37.77,37.77
NSE:SNXT50BETA-EQ,79.53777777777778,1125,79.53777777777778,129.0,2026-04-02 15:29:00,83.32,83.32,81.1,81.2
NSE:TATAGOLD-EQ,279365.21866666665,1125,279365.21866666665,622918.0,2026-04-02 15:29:00,14.17,14.17,14.16,14.16
NSE:TATSILV-EQ,306106.94577777776,1125,306106.94577777776,447368.0,2026-04-02 15:29:00,22.03,22.04,22.01,22.04
NSE:TECH-EQ,213.36266666666666,1125,213.36266666666666,0.0,2026-04-02 15:29:00,32.9,32.9,32.9,32.9
NSE:TNIDETF-EQ,226.8071111111111,1125,226.8071111111111,453.0,2026-04-02 15:29:00,78.61,79.0,78.61,79.0
NSE:TOP100CASE-EQ,7467.902222222222,1125,7467.902222222222,4766.0,2026-04-02 15:29:00,9.75,9.77,9.75,9.75
NSE:TOP10ADD-EQ,8026.737777777777,1125,8026.737777777777,6345.0,2026-04-02 15:29:00,85.46,86.5,85.46,86.1
NSE:TOP15IETF-EQ,739.2186666666666,1125,739.2186666666666,400.0,2026-04-02 15:29:00,9.41,9.43,9.41,9.43
NSE:TOP20-EQ,248.23555555555555,1125,248.23555555555555,10.0,2026-04-02 15:29:00,8.32,8.32,8.32,8.32
NSE:TWCGOLDETF-EQ,25.203555555555557,1125,25.203555555555557,58.0,2026-04-02 15:29:00,145.25,146.0,145.25,146.0
NSE:UNIONGOLD-EQ,143.08355555555556,1125,143.08355555555556,112.0,2026-04-02 15:29:00,142.05,142.05,142.05,142.05
NSE:VAL30IETF-EQ,3986.775111111111,1125,3986.775111111111,5842.0,2026-04-02 15:29:00,14.55,14.86,14.55,14.86
NSE:VALUE-EQ,2078.2426666666665,1125,2078.2426666666665,1398.0,2026-04-02 15:29:00,15.25,15.25,15.19,15.19
